63,https://m.media-amazon.com/images/M/MV5BM2Q5NGFmZDItNzQ5NC00YjUwLWJlY2YtNDlmN2NmN2ViZDUwXkEyXkFqcGdeQXVyMTgxOTIzNzk@..jpg
68,https://m.media-amazon.com/images/M/MV5BM2Y4ZGVhZjItNjU0OC00MDk1LWI4ZTktYTgwMWJkNDE5OTcxXkEyXkFqcGdeQXVyMTQxNzMzNDI@..jpg
71,https://m.media-amazon.com/images/M/MV5BNDIzMDk4Y2ItOTNjNS00Mzg5LTlhYWItYTQzOTA4ZWM1MWJhXkEyXkFqcGdeQXVyODc0OTEyNDU@..jpg
74,https://m.media-amazon.com/images/M/MV5BYzQzODhjOTktZDY2ZS00Y2E0LTgwZWEtNzdlOWI4MjY4OWMyXkEyXkFqcGdeQXVyMjUxOTQ5MzA@..jpg
98,https://m.media-amazon.com/images/M/MV5BNDkzYTJjYTctMWY3My00ZmZkLTgyYjgtZjllMDQ5YTM2YTAzXkEyXkFqcGdeQXVyMTYzMDM0NTU@..jpg
121,https://m.media-amazon.com/images/M/MV5BMDFhMzQxOTUtODU0ZS00ZGVlLThkMmQtNzY2NDQ1MTdhMjg4XkEyXkFqcGdeQXVyMTYzMDM0NTU@..jpg
123,https://m.media-amazon.com/images/M/MV5BY2RkYTRlNzgtZjNjMi00ZTZlLTk2NDItOTQxMjU1Y2IwZDNhXkEyXkFqcGdeQXVyNzg5MzIyOA@@..jpg
127,https://m.media-amazon.com/images/M/MV5BMGNkYzY2ZjUtODU4My00Mjc5LWEwNDAtMzUxZjcxZWJhZTcwXkEyXkFqcGdeQXVyODc0OTEyNDU@..jpg
132,https://m.media-amazon.com/images/M/MV5BYzljMTgyMTYtOGQzOC00MTM0LTk2ODUtZDU1YzM4NjM1M2RjXkEyXkFqcGdeQXVyMTYzMDM0NTU@..jpg
154,https://m.media-amazon.com/images/M/MV5BZGM0MzE0NGMtODlmYS00YzgxLTlhZGItMDJlZTFjODQ5M2NkXkEyXkFqcGdeQXVyODc0OTEyNDU@..jpg
177,https://m.media-amazon.com/images/M/MV5BNzEzNWJiOTctOGIyYi00Y2QyLTgxYjItMWU5ZDIzYTUyYzJkXkEyXkFqcGdeQXVyMTYzMDM0NTU@..jpg
187,https://m.media-amazon.com/images/M/MV5BODBkMzlhNDEtYjc2Mi00ZTU0LTk5YjktYmI3MTJiODQ3YmMyXkEyXkFqcGdeQXVyMTAyOTE2ODg0..jpg
193,https://m.media-amazon.com/images/M/MV5BNTQ4YzE5ZjgtNjdkOC00NmQ0LThhMGUtNzQ2ZGNkNjFhYTEyXkEyXkFqcGdeQXVyMTEyMjM2NDc2..jpg
211,https://m.media-amazon.com/images/M/MV5BZTMwZTM5NGMtYTI2Mi00NzUyLWExMzktYTg3OGEyYTNlMDQ5XkEyXkFqcGdeQXVyMjI0Mjg2NzE@..jpg
63,https://m.media-amazon.com/images/M/MV5BM2Q5NGFmZDItNzQ5NC00YjUwLWJlY2YtNDlmN2NmN2ViZDUwXkEyXkFqcGdeQXVyMTgxOTIzNzk@..jpg
68,https://m.media-amazon.com/images/M/MV5BM2Y4ZGVhZjItNjU0OC00MDk1LWI4ZTktYTgwMWJkNDE5OTcxXkEyXkFqcGdeQXVyMTQxNzMzNDI@..jpg
71,https://m.media-amazon.com/images/M/MV5BNDIzMDk4Y2ItOTNjNS00Mzg5LTlhYWItYTQzOTA4ZWM1MWJhXkEyXkFqcGdeQXVyODc0OTEyNDU@..jpg
74,https://m.media-amazon.com/images/M/MV5BYzQzODhjOTktZDY2ZS00Y2E0LTgwZWEtNzdlOWI4MjY4OWMyXkEyXkFqcGdeQXVyMjUxOTQ5MzA@..jpg
98,https://m.media-amazon.com/images/M/MV5BNDkzYTJjYTctMWY3My00ZmZkLTgyYjgtZjllMDQ5YTM2YTAzXkEyXkFqcGdeQXVyMTYzMDM0NTU@..jpg
121,https://m.media-amazon.com/images/M/MV5BMDFhMzQxOTUtODU0ZS00ZGVlLThkMmQtNzY2NDQ1MTdhMjg4XkEyXkFqcGdeQXVyMTYzMDM0NTU@..jpg
123,https://m.media-amazon.com/images/M/MV5BY2RkYTRlNzgtZjNjMi00ZTZlLTk2NDItOTQxMjU1Y2IwZDNhXkEyXkFqcGdeQXVyNzg5MzIyOA@@..jpg
127,https://m.media-amazon.com/images/M/MV5BMGNkYzY2ZjUtODU4My00Mjc5LWEwNDAtMzUxZjcxZWJhZTcwXkEyXkFqcGdeQXVyODc0OTEyNDU@..jpg
132,https://m.media-amazon.com/images/M/MV5BYzljMTgyMTYtOGQzOC00MTM0LTk2ODUtZDU1YzM4NjM1M2RjXkEyXkFqcGdeQXVyMTYzMDM0NTU@..jpg
154,https://m.media-amazon.com/images/M/MV5BZGM0MzE0NGMtODlmYS00YzgxLTlhZGItMDJlZTFjODQ5M2NkXkEyXkFqcGdeQXVyODc0OTEyNDU@..jpg
177,https://m.media-amazon.com/images/M/MV5BNzEzNWJiOTctOGIyYi00Y2QyLTgxYjItMWU5ZDIzYTUyYzJkXkEyXkFqcGdeQXVyMTYzMDM0NTU@..jpg
187,https://m.media-amazon.com/images/M/MV5BODBkMzlhNDEtYjc2Mi00ZTU0LTk5YjktYmI3MTJiODQ3YmMyXkEyXkFqcGdeQXVyMTAyOTE2ODg0..jpg
193,https://m.media-amazon.com/images/M/MV5BZjU1ZjU2MTQtZTA2ZC00NWZhLWExZWMtMDdlNmI1MzlhMmRjXkEyXkFqcGdeQXVyMTEyMjM2NDc2..jpg
211,https://m.media-amazon.com/images/M/MV5BZTMwZTM5NGMtYTI2Mi00NzUyLWExMzktYTg3OGEyYTNlMDQ5XkEyXkFqcGdeQXVyMjI0Mjg2NzE@..jpg
213,https://m.media-amazon.com/images/M/MV5BYTEyYmE0M2MtZDQ1OC00MGUxLWI4OGMtM2M1ZjIyNDI0Y2Q4XkEyXkFqcGdeQXVyNjQ2MjQ5NzM@..jpg
265,https://m.media-amazon.com/images/M/MV5BODEwNjJlNDAtMWY2Yi00OWY5LWEzMzEtZmIzYmFkZjE0ZDY4XkEyXkFqcGdeQXVyMTAyOTE2ODg0..jpg
280,https://m.media-amazon.com/images/M/MV5BZTZjYmNkZTYtOTA0Zi00NDcyLWI2YzQtOTgyZjQ2YzM5Y2E2XkEyXkFqcGdeQXVyMTQxNzMzNDI@..jpg
351,https://m.media-amazon.com/images/M/MV5BMTJlYjQyM2UtMjZhYy00ZDBkLTk5ZGItN2E3MjI2NjJhODM5XkEyXkFqcGdeQXVyMTQxNzMzNDI@..jpg
354,https://m.media-amazon.com/images/M/MV5BYjM5YTQ0ZGYtMWExZi00MTFmLTg0YjUtZDcyMGNiYzE5MmNmL2ltYWdlXkEyXkFqcGdeQXVyMTQxNzMzNDI@..jpg
359,https://m.media-amazon.com/images/M/MV5BY2Y4Mzc2ZjgtOTdmOC00MTY3LWJkMDUtY2VjNmEzZTU4MjFhXkEyXkFqcGdeQXVyNjMwMjk0MTQ@..jpg
379,https://m.media-amazon.com/images/M/MV5BNGM3N2VmNDQtNWMwNC00MDI5LThhNzYtNTlkZjkwZTJlNTRjXkEyXkFqcGdeQXVyMTQxNzMzNDI@..jpg
383,https://m.media-amazon.com/images/M/MV5BZTI0MTE2NjQtMzhmMi00YWQyLWJkNzctMmY0YmNjMmFmYTdmXkEyXkFqcGdeQXVyMTYzMDM0NTU@..jpg
399,https://m.media-amazon.com/images/M/MV5BMzc4OTJlMTgtMWE5MC00MDRlLWE2MDQtYTI4ZTAzNzUyZjM2XkEyXkFqcGdeQXVyNjExODE1MDc@..jpg
421,https://m.media-amazon.com/images/M/MV5BMGU4YmI1ZGQtZjExYi00M2E0LTgyYTAtNzQ5ZmVlMTk4NzUzXkEyXkFqcGdeQXVyMTMxODk2OTU@..jpg
444,https://m.media-amazon.com/images/M/MV5BYTE5ZDlkZjAtMzZhMy00N2I1LTllMmItY2I0YTNlYmViMzRhXkEyXkFqcGdeQXVyMzg2MzE2OTE@..jpg
445,https://m.media-amazon.com/images/M/MV5BYzNiNzk2NDctMzg5My00NDM3LWJiM2UtNzY2NmQ0YWVlN2Q0XkEyXkFqcGdeQXVyMjUxODE0MDY@..jpg
460,https://m.media-amazon.com/images/M/MV5BMjkwNWMyZjQtNmU5MS00ZWE1LWE3NzMtNGZjNTlhYzcwNjIzXkEyXkFqcGdeQXVyMTAwMzUyOTc@..jpg
478,https://m.media-amazon.com/images/M/MV5BYjQ4ZDA4NGMtMTkwYi00NThiLThhZDUtZTEzNTAxOWYyY2E4XkEyXkFqcGdeQXVyMjUxODE0MDY@..jpg
498,https://m.media-amazon.com/images/M/MV5BMTk1NjgzMDg0M15BMl5BanBnXkFtZTgwOTQwMTY3MjE@..jpg
528,https://m.media-amazon.com/images/M/MV5BMmU4MDE4ZjctOTFhNS00OTM5LWJhNzAtODY3MjI2NzI1NjdkXkEyXkFqcGdeQXVyNzgwNDExNTg@..jpg
543,https://m.media-amazon.com/images/M/MV5BZWE2ZDg2ODQtMDIwMi00NGE3LWEzZWMtNzBjZDExNGJmMGVhXkEyXkFqcGdeQXVyNjA0Mzc0MzI@..jpg
602,https://m.media-amazon.com/images/M/MV5BOTFjODJhZDItMzM0NC00MmRhLTllNjEtYzY0MWMzYTQ5OTU5L2ltYWdlXkEyXkFqcGdeQXVyNzA4ODc3ODU@..jpg
631,https://m.media-amazon.com/images/M/MV5BYWU4MjQ3YzUtNTA3YS00YmRmLTk1YjktODM1NGU0MjFiOTUzXkEyXkFqcGdeQXVyMTQxNzMzNDI@..jpg
637,https://m.media-amazon.com/images/M/MV5BNzhhNTE0YjAtMjczNy00ZWQ2LTllZDQtMDcwYWEyNjllM2FjXkEyXkFqcGdeQXVyNDE0OTU3NDY@..jpg
661,https://m.media-amazon.com/images/M/MV5BZjFiZmRlMjYtYjc4Ni00M2IxLTgxY2QtNzJjZjJjY2E4YzQ4L2ltYWdlXkEyXkFqcGdeQXVyNzA4ODc3ODU@..jpg
686,https://m.media-amazon.com/images/M/MV5BZjcyYmU1NzYtMmJiYy00NjJlLWE5ZjMtZWNkOWNjZmQ4MzIyXkEyXkFqcGdeQXVyNTI4MjkwNjA@..jpg
748,https://m.media-amazon.com/images/M/MV5BNmM3MjI2YjUtYjk1MS00M2VjLWI4MmUtM2UyYWQyNTVlZGE5XkEyXkFqcGdeQXVyNjc1NTYyMjg@..jpg
774,https://m.media-amazon.com/images/M/MV5BZjM4N2I0ZjYtMTFmNC00ZGQ0LWIzNmMtZDZjNzIwOGM1NzA0XkEyXkFqcGdeQXVyMTQxNzMzNDI@..jpg
810,https://m.media-amazon.com/images/M/MV5BNTM5ODY3NGUtYzIyNy00MTE3LWIxMTMtNTJkY2Y0ZWI2ODUzXkEyXkFqcGdeQXVyODc0OTEyNDU@..jpg
826,https://m.media-amazon.com/images/M/MV5BMGE3MjRhZjUtZGQ0My00ZGM4LWI4YmMtMDYwM2ZjYTQ1ZWNkL2ltYWdlL2ltYWdlXkEyXkFqcGdeQXVyMTQxNzMzNDI@..jpg
839,https://m.media-amazon.com/images/M/MV5BMTczNjAyNTIzOF5BMl5BanBnXkFtZTcwODQ5OTgyMQ@@..jpg
843,https://m.media-amazon.com/images/M/MV5BNGY5YjA2NzAtYjMyNC00MjI5LTg2NzktODYzYzM5NjEzNWEwXkEyXkFqcGdeQXVyMDUyOTUyNQ@@..jpg
928,https://m.media-amazon.com/images/M/MV5BZTBkMWE1NGItZTgxMi00ZTE0LWIzZjAtNzQ5ZGZlZTQxN2EwXkEyXkFqcGdeQXVyMTQxNzMzNDI@..jpg
934,https://m.media-amazon.com/images/M/MV5BOTgwMGRkNTctYmU2Ni00ZDc5LWE5MjUtNDUzYWQ5NmNmY2ViXkEyXkFqcGdeQXVyMTM2ODk1OTQ@..jpg
977,https://m.media-amazon.com/images/M/MV5BOWI1MjY1NDktMjViMi00ZGU2LTg0YjYtOTg4ODUzNDFlNDQxXkEyXkFqcGdeQXVyODc0OTEyNDU@..jpg
1015,https://m.media-amazon.com/images/M/MV5BYzAzNTNiZTItMGJkOC00OGZlLThjMmQtYWU4ZWQwZmE5YjQxXkEyXkFqcGdeQXVyNjMwMjk0MTQ@..jpg
1034,https://m.media-amazon.com/images/M/MV5BMWIyYjMxZTMtZGUyNy00N2UwLTgwNjctOWQ1OGMzN2VlMDExXkEyXkFqcGdeQXVyNDc2NjEyMw@@..jpg
1157,https://m.media-amazon.com/images/M/MV5BZThkZDdmNTAtMDg2ZS00NzViLTg0NDUtNzUwZGM3ZTQwNTIxXkEyXkFqcGdeQXVyODc0OTEyNDU@..jpg
1172,https://m.media-amazon.com/images/M/MV5BMjk2NzU4ZTQtYmYxZi00ZjI0LWEzZDMtZDY4OGY2YTI2MDcxXkEyXkFqcGdeQXVyMTMxMTY0OTQ@..jpg
1199,https://m.media-amazon.com/images/M/MV5BMmFlMDBmNzEtM2QxNS00MzUyLTk1YTAtZTQ3ODM5YThlOTFhXkEyXkFqcGdeQXVyMTQxNzMzNDI@..jpg
1205,https://m.media-amazon.com/images/M/MV5BMTI5MjIzODgyOV5BMl5BanBnXkFtZTcwNzY3MjIzMQ@@..jpg
1219,https://m.media-amazon.com/images/M/MV5BNzhmZDZiNzQtODM0ZS00OGU1LTkwNmYtYzQxNDM1YzA2Y2NlXkEyXkFqcGdeQXVyMTEwNDU1MzEy..jpg
1302,https://m.media-amazon.com/images/M/MV5BMDIyZDVjZTgtMGRiZC00NjFkLWE1ZGUtYWY4YjVhYTU2ZGEyXkEyXkFqcGdeQXVyNjMwMjk0MTQ@..jpg
1329,https://m.media-amazon.com/images/M/MV5BMmE4NmMxZWItMDIwOC00YWVhLWFiOGYtYmYwNjVmMjQzOTBhXkEyXkFqcGdeQXVyMjI4MjA5MzA@..jpg
1357,https://m.media-amazon.com/images/M/MV5BMTI3OTMzMTgzOF5BMl5BanBnXkFtZTcwNDg3MjUyMQ@@..jpg
1371,https://m.media-amazon.com/images/M/MV5BNDQ4NjMwMDA4Nl5BMl5BanBnXkFtZTYwMTQzNjk4..jpg
1373,https://m.media-amazon.com/images/M/MV5BNTQ4YzE5ZjgtNjdkOC00NmQ0LThhMGUtNzQ2ZGNkNjFhYTEyXkEyXkFqcGdeQXVyMTEyMjM2NDc2..jpg
1389,https://m.media-amazon.com/images/M/MV5BMTc2MzA0ODQyMF5BMl5BanBnXkFtZTcwMTMxOTcxMQ@@..jpg
1404,https://m.media-amazon.com/images/M/MV5BYjE3ODY5OWEtZmE0Mi00MjUxLTg5MmUtZmFkMzM1N2VjMmU5XkEyXkFqcGdeQXVyNTI4MjkwNjA@..jpg
1410,https://m.media-amazon.com/images/M/MV5BZjU1ZjU2MTQtZTA2ZC00NWZhLWExZWMtMDdlNmI1MzlhMmRjXkEyXkFqcGdeQXVyMTEyMjM2NDc2..jpg
1412,https://m.media-amazon.com/images/M/MV5BMTI1OTU3NjkwMl5BMl5BanBnXkFtZTYwOTU2MDg5..jpg
1415,https://m.media-amazon.com/images/M/MV5BZjM2YTVlOTgtNDgyNC00ZWM4LTgyMDQtNDM4ZWY2ZjQ3NjQ5XkEyXkFqcGdeQXVyMTEyOTQ1OTk4..jpg
1419,https://m.media-amazon.com/images/M/MV5BNzZmNGNmMzgtMjA2YS00YzY3LThmMjYtOTVmMzg4ZGY2YWJjXkEyXkFqcGdeQXVyMTQxNzMzNDI@..jpg
1428,https://m.media-amazon.com/images/M/MV5BMjllMGZhMjctNTU0MS00ZDgzLTg1YTgtMDM2N2NmMzc0OTY4L2ltYWdlL2ltYWdlXkEyXkFqcGdeQXVyMjQwMjk0NjI@..jpg
1432,https://m.media-amazon.com/images/M/MV5BNGZhMDFmNzUtOTE4OC00Mzg4LWI3NDktNjRkMWUyMTgyNjUyXkEyXkFqcGdeQXVyMTQxNzMzNDI@..jpg
1442,https://m.media-amazon.com/images/M/MV5BM2M5MmM3MmQtNDk4OS00ZmU3LThmODQtYmU5NWUzNzgxMmVkXkEyXkFqcGdeQXVyMTM2ODk1OTQ@..jpg
1483,https://m.media-amazon.com/images/M/MV5BNDk1Mjk1MTMtMTU2NC00YzczLThiNWMtNWE1YzQ4YmNkMGJhXkEyXkFqcGdeQXVyODc0OTEyNDU@..jpg
1497,https://m.media-amazon.com/images/M/MV5BMjE5MTMwMDY5NV5BMl5BanBnXkFtZTcwMDMwOTUyMQ@@..jpg
1534,https://m.media-amazon.com/images/M/MV5BOTQ1MWVjYmEtMTMzNS00YzI2LTg5OWEtY2VlMDU2YTU2Y2IxXkEyXkFqcGdeQXVyODY0NzcxNw@@..jpg
1542,https://m.media-amazon.com/images/M/MV5BYThlNDM2MjAtZGY5Yy00MjdlLTgyMzUtYjQyYWIxNDgwNzBkXkEyXkFqcGdeQXVyMDI2NDg0NQ@@..jpg
1568,https://m.media-amazon.com/images/M/MV5BNTQ4YzE5ZjgtNjdkOC00NmQ0LThhMGUtNzQ2ZGNkNjFhYTEyXkEyXkFqcGdeQXVyMTEyMjM2NDc2..jpg
1592,https://m.media-amazon.com/images/M/MV5BODIyNWE3YTQtMTdjNS00OTMzLThlYTAtNDI4MDljNmQyYzA4XkEyXkFqcGdeQXVyODc5MTQ2NjE@..jpg
1612,https://m.media-amazon.com/images/M/MV5BMDQ1OWExNmUtOTllZi00ZTkzLWE5ZDYtZjllYjQ3ZDdkNjMzXkEyXkFqcGdeQXVyMTQxNzMzNDI@..jpg
1631,https://m.media-amazon.com/images/M/MV5BY2E1ZTYwMDQtYmFkZS00ZjhkLTgzMDktYzYxM2ViNzMyMzEzXkEyXkFqcGdeQXVyNzQxNDExNTU@..jpg
1635,https://m.media-amazon.com/images/M/MV5BMTIxNzgxMzYzNl5BMl5BanBnXkFtZTcwNDU1NDEzMQ@@..jpg
1666,https://m.media-amazon.com/images/M/MV5BMjI1ODUyMzgyN15BMl5BanBnXkFtZTgwMzg5MjgwMzE@..jpg
1666,https://m.media-amazon.com/images/M/MV5BMjI1ODUyMzgyN15BMl5BanBnXkFtZTgwMzg5MjgwMzE@..jpg
1666,https://m.media-amazon.com/images/M/MV5BMjI1ODUyMzgyN15BMl5BanBnXkFtZTgwMzg5MjgwMzE@..jpg
1667,https://m.media-amazon.com/images/M/MV5BOTcyMDMxNzk5Ml5BMl5BanBnXkFtZTcwNDQwNzYxNA@@..jpg
